{
  "status": "success",
  "detections": [
    {
      "name": "cylinder",
      "class": 0,
      "confidence": 0.92666,
      "box": {
        "x1": 301.0647,
        "y1": 401.73438,
        "x2": 437.89062,
        "y2": 571.45789
      }
    },
    {
      "name": "cylinder",
      "class": 0,
      "confidence": 0.87713,
      "box": {
        "x1": 139.96112,
        "y1": 114.16162,
        "x2": 232.39105,
        "y2": 216.32336
      }
    }
  ]
}